# This file was created using the script `data/write-nuts.py`
# DO NOT ALTER THIS FILE MANUALLY!

# List of NUTS-2 regions: basic regions for the application of regional policies

BE10:
   name: Région de Bruxelles-Capitale/ Brussels Hoofdstedelijk Gewest
   country: Belgium
   nuts1: BE1

BE21:
   name: Prov. Antwerpen
   country: Belgium
   nuts1: BE2

BE22:
   name: Prov. Limburg (BE)
   country: Belgium
   nuts1: BE2

BE23:
   name: Prov. Oost-Vlaanderen
   country: Belgium
   nuts1: BE2

BE24:
   name: Prov. Vlaams-Brabant
   country: Belgium
   nuts1: BE2

BE25:
   name: Prov. West-Vlaanderen
   country: Belgium
   nuts1: BE2

BE31:
   name: Prov. Brabant Wallon
   country: Belgium
   nuts1: BE3

BE32:
   name: Prov. Hainaut
   country: Belgium
   nuts1: BE3

BE33:
   name: Prov. Liège
   country: Belgium
   nuts1: BE3

BE34:
   name: Prov. Luxembourg (BE)
   country: Belgium
   nuts1: BE3

BE35:
   name: Prov. Namur
   country: Belgium
   nuts1: BE3

BEZZ:
   name: Extra-Regio NUTS 2
   country: Belgium
   nuts1: BEZ

BG31:
   name: Северозападен
   country: Bulgaria
   nuts1: BG3

BG32:
   name: Северен централен
   country: Bulgaria
   nuts1: BG3

BG33:
   name: Североизточен
   country: Bulgaria
   nuts1: BG3

BG34:
   name: Югоизточен
   country: Bulgaria
   nuts1: BG3

BG41:
   name: Югозападен
   country: Bulgaria
   nuts1: BG4

BG42:
   name: Южен централен
   country: Bulgaria
   nuts1: BG4

BGZZ:
   name: Extra-Regio NUTS 2
   country: Bulgaria
   nuts1: BGZ

CZ01:
   name: Praha
   country: Czech Republic
   nuts1: CZ0

CZ02:
   name: Střední Čechy
   country: Czech Republic
   nuts1: CZ0

CZ03:
   name: Jihozápad
   country: Czech Republic
   nuts1: CZ0

CZ04:
   name: Severozápad
   country: Czech Republic
   nuts1: CZ0

CZ05:
   name: Severovýchod
   country: Czech Republic
   nuts1: CZ0

CZ06:
   name: Jihovýchod
   country: Czech Republic
   nuts1: CZ0

CZ07:
   name: Střední Morava
   country: Czech Republic
   nuts1: CZ0

CZ08:
   name: Moravskoslezsko
   country: Czech Republic
   nuts1: CZ0

CZZZ:
   name: Extra-Regio NUTS 2
   country: Czech Republic
   nuts1: CZZ

DK01:
   name: Hovedstaden
   country: Denmark
   nuts1: DK0

DK02:
   name: Sjælland
   country: Denmark
   nuts1: DK0

DK03:
   name: Syddanmark
   country: Denmark
   nuts1: DK0

DK04:
   name: Midtjylland
   country: Denmark
   nuts1: DK0

DK05:
   name: Nordjylland
   country: Denmark
   nuts1: DK0

DKZZ:
   name: Extra-Regio NUTS 2
   country: Denmark
   nuts1: DKZ

DE11:
   name: Stuttgart
   country: Germany
   nuts1: DE1

DE12:
   name: Karlsruhe
   country: Germany
   nuts1: DE1

DE13:
   name: Freiburg
   country: Germany
   nuts1: DE1

DE14:
   name: Tübingen
   country: Germany
   nuts1: DE1

DE21:
   name: Oberbayern
   country: Germany
   nuts1: DE2

DE22:
   name: Niederbayern
   country: Germany
   nuts1: DE2

DE23:
   name: Oberpfalz
   country: Germany
   nuts1: DE2

DE24:
   name: Oberfranken
   country: Germany
   nuts1: DE2

DE25:
   name: Mittelfranken
   country: Germany
   nuts1: DE2

DE26:
   name: Unterfranken
   country: Germany
   nuts1: DE2

DE27:
   name: Schwaben
   country: Germany
   nuts1: DE2

DE30:
   name: Berlin
   country: Germany
   nuts1: DE3

DE40:
   name: Brandenburg
   country: Germany
   nuts1: DE4

DE50:
   name: Bremen
   country: Germany
   nuts1: DE5

DE60:
   name: Hamburg
   country: Germany
   nuts1: DE6

DE71:
   name: Darmstadt
   country: Germany
   nuts1: DE7

DE72:
   name: Gießen
   country: Germany
   nuts1: DE7

DE73:
   name: Kassel
   country: Germany
   nuts1: DE7

DE80:
   name: Mecklenburg-Vorpommern
   country: Germany
   nuts1: DE8

DE91:
   name: Braunschweig
   country: Germany
   nuts1: DE9

DE92:
   name: Hannover
   country: Germany
   nuts1: DE9

DE93:
   name: Lüneburg
   country: Germany
   nuts1: DE9

DE94:
   name: Weser-Ems
   country: Germany
   nuts1: DE9

DEA1:
   name: Düsseldorf
   country: Germany
   nuts1: DEA

DEA2:
   name: Köln
   country: Germany
   nuts1: DEA

DEA3:
   name: Münster
   country: Germany
   nuts1: DEA

DEA4:
   name: Detmold
   country: Germany
   nuts1: DEA

DEA5:
   name: Arnsberg
   country: Germany
   nuts1: DEA

DEB1:
   name: Koblenz
   country: Germany
   nuts1: DEB

DEB2:
   name: Trier
   country: Germany
   nuts1: DEB

DEB3:
   name: Rheinhessen-Pfalz
   country: Germany
   nuts1: DEB

DEC0:
   name: Saarland
   country: Germany
   nuts1: DEC

DED2:
   name: Dresden
   country: Germany
   nuts1: DED

DED4:
   name: Chemnitz
   country: Germany
   nuts1: DED

DED5:
   name: Leipzig
   country: Germany
   nuts1: DED

DEE0:
   name: Sachsen-Anhalt
   country: Germany
   nuts1: DEE

DEF0:
   name: Schleswig-Holstein
   country: Germany
   nuts1: DEF

DEG0:
   name: Thüringen
   country: Germany
   nuts1: DEG

DEZZ:
   name: Extra-Regio NUTS 2
   country: Germany
   nuts1: DEZ

EE00:
   name: Eesti
   country: Estonia
   nuts1: EE0

EEZZ:
   name: Extra-Regio NUTS 2
   country: Estonia
   nuts1: EEZ

IE04:
   name: Northern and Western
   country: Ireland
   nuts1: IE0

IE05:
   name: Southern
   country: Ireland
   nuts1: IE0

IE06:
   name: Eastern and Midland
   country: Ireland
   nuts1: IE0

IEZZ:
   name: Extra-Regio NUTS 2
   country: Ireland
   nuts1: IEZ

EL30:
   name: Aττική
   country: Greece
   nuts1: EL3

EL41:
   name: Βόρειο Αιγαίο
   country: Greece
   nuts1: EL4

EL42:
   name: Νότιο Αιγαίο
   country: Greece
   nuts1: EL4

EL43:
   name: Κρήτη
   country: Greece
   nuts1: EL4

EL51:
   name: Aνατολική Μακεδονία, Θράκη
   country: Greece
   nuts1: EL5

EL52:
   name: Κεντρική Μακεδονία
   country: Greece
   nuts1: EL5

EL53:
   name: Δυτική Μακεδονία
   country: Greece
   nuts1: EL5

EL54:
   name: Ήπειρος
   country: Greece
   nuts1: EL5

EL61:
   name: Θεσσαλία
   country: Greece
   nuts1: EL6

EL62:
   name: Ιόνια Νησιά
   country: Greece
   nuts1: EL6

EL63:
   name: Δυτική Ελλάδα
   country: Greece
   nuts1: EL6

EL64:
   name: Στερεά Ελλάδα
   country: Greece
   nuts1: EL6

EL65:
   name: Πελοπόννησος
   country: Greece
   nuts1: EL6

ELZZ:
   name: Extra-Regio NUTS 2
   country: Greece
   nuts1: ELZ

ES11:
   name: Galicia
   country: Spain
   nuts1: ES1

ES12:
   name: Principado de Asturias
   country: Spain
   nuts1: ES1

ES13:
   name: Cantabria
   country: Spain
   nuts1: ES1

ES21:
   name: País Vasco
   country: Spain
   nuts1: ES2

ES22:
   name: Comunidad Foral de Navarra
   country: Spain
   nuts1: ES2

ES23:
   name: La Rioja
   country: Spain
   nuts1: ES2

ES24:
   name: Aragón
   country: Spain
   nuts1: ES2

ES30:
   name: Comunidad de Madrid
   country: Spain
   nuts1: ES3

ES41:
   name: Castilla y León
   country: Spain
   nuts1: ES4

ES42:
   name: Castilla-La Mancha
   country: Spain
   nuts1: ES4

ES43:
   name: Extremadura
   country: Spain
   nuts1: ES4

ES51:
   name: Cataluña
   country: Spain
   nuts1: ES5

ES52:
   name: Comunitat Valenciana 
   country: Spain
   nuts1: ES5

ES53:
   name: Illes Balears
   country: Spain
   nuts1: ES5

ES61:
   name: Andalucía
   country: Spain
   nuts1: ES6

ES62:
   name: Región de Murcia
   country: Spain
   nuts1: ES6

ES63:
   name: Ciudad de Ceuta
   country: Spain
   nuts1: ES6

ES64:
   name: Ciudad de Melilla
   country: Spain
   nuts1: ES6

ES70:
   name: Canarias
   country: Spain
   nuts1: ES7

ESZZ:
   name: Extra-Regio NUTS 2
   country: Spain
   nuts1: ESZ

FR10:
   name: Ile-de-France
   country: France
   nuts1: FR1

FRB0:
   name: Centre — Val de Loire
   country: France
   nuts1: FRB

FRC1:
   name: Bourgogne
   country: France
   nuts1: FRC

FRC2:
   name: Franche-Comté
   country: France
   nuts1: FRC

FRD1:
   name: Basse-Normandie 
   country: France
   nuts1: FRD

FRD2:
   name: Haute-Normandie 
   country: France
   nuts1: FRD

FRE1:
   name: Nord-Pas de Calais
   country: France
   nuts1: FRE

FRE2:
   name: Picardie
   country: France
   nuts1: FRE

FRF1:
   name: Alsace
   country: France
   nuts1: FRF

FRF2:
   name: Champagne-Ardenne
   country: France
   nuts1: FRF

FRF3:
   name: Lorraine
   country: France
   nuts1: FRF

FRG0:
   name: Pays de la Loire
   country: France
   nuts1: FRG

FRH0:
   name: Bretagne
   country: France
   nuts1: FRH

FRI1:
   name: Aquitaine
   country: France
   nuts1: FRI

FRI2:
   name: Limousin
   country: France
   nuts1: FRI

FRI3:
   name: Poitou-Charentes
   country: France
   nuts1: FRI

FRJ1:
   name: Languedoc-Roussillon
   country: France
   nuts1: FRJ

FRJ2:
   name: Midi-Pyrénées
   country: France
   nuts1: FRJ

FRK1:
   name: Auvergne
   country: France
   nuts1: FRK

FRK2:
   name: Rhône-Alpes
   country: France
   nuts1: FRK

FRL0:
   name: Provence-Alpes-Côte d’Azur
   country: France
   nuts1: FRL

FRM0:
   name: Corse
   country: France
   nuts1: FRM

FRY1:
   name: Guadeloupe
   country: France
   nuts1: FRY

FRY2:
   name: Martinique 
   country: France
   nuts1: FRY

FRY3:
   name: Guyane
   country: France
   nuts1: FRY

FRY4:
   name: La Réunion 
   country: France
   nuts1: FRY

FRY5:
   name: Mayotte
   country: France
   nuts1: FRY

FRZZ:
   name: Extra-Regio NUTS 2
   country: France
   nuts1: FRZ

HR02:
   name: Panonska Hrvatska
   country: Croatia
   nuts1: HR0

HR03:
   name: Jadranska Hrvatska
   country: Croatia
   nuts1: HR0

HR05:
   name: Grad Zagreb
   country: Croatia
   nuts1: HR0

HR06:
   name: Sjeverna Hrvatska
   country: Croatia
   nuts1: HR0

HRZZ:
   name: Extra-Regio NUTS 2
   country: Croatia
   nuts1: HRZ

ITC1:
   name: Piemonte
   country: Italy
   nuts1: ITC

ITC2:
   name: Valle d’Aosta/Vallée d’Aoste
   country: Italy
   nuts1: ITC

ITC3:
   name: Liguria
   country: Italy
   nuts1: ITC

ITC4:
   name: Lombardia
   country: Italy
   nuts1: ITC

ITF1:
   name: Abruzzo
   country: Italy
   nuts1: ITF

ITF2:
   name: Molise
   country: Italy
   nuts1: ITF

ITF3:
   name: Campania
   country: Italy
   nuts1: ITF

ITF4:
   name: Puglia
   country: Italy
   nuts1: ITF

ITF5:
   name: Basilicata
   country: Italy
   nuts1: ITF

ITF6:
   name: Calabria
   country: Italy
   nuts1: ITF

ITG1:
   name: Sicilia
   country: Italy
   nuts1: ITG

ITG2:
   name: Sardegna
   country: Italy
   nuts1: ITG

ITH1:
   name: Provincia Autonoma di Bolzano/Bozen
   country: Italy
   nuts1: ITH

ITH2:
   name: Provincia Autonoma di Trento
   country: Italy
   nuts1: ITH

ITH3:
   name: Veneto
   country: Italy
   nuts1: ITH

ITH4:
   name: Friuli-Venezia Giulia
   country: Italy
   nuts1: ITH

ITH5:
   name: Emilia-Romagna
   country: Italy
   nuts1: ITH

ITI1:
   name: Toscana
   country: Italy
   nuts1: ITI

ITI2:
   name: Umbria
   country: Italy
   nuts1: ITI

ITI3:
   name: Marche
   country: Italy
   nuts1: ITI

ITI4:
   name: Lazio
   country: Italy
   nuts1: ITI

ITZZ:
   name: Extra-Regio NUTS 2
   country: Italy
   nuts1: ITZ

CY00:
   name: Κύπρος
   country: Cyprus
   nuts1: CY0

CYZZ:
   name: Extra-Regio NUTS 2
   country: Cyprus
   nuts1: CYZ

LV00:
   name: Latvija
   country: Latvia
   nuts1: LV0

LVZZ:
   name: Extra-Regio NUTS 2
   country: Latvia
   nuts1: LVZ

LT01:
   name: Sostinės regionas
   country: Lithuania
   nuts1: LT0

LT02:
   name: Vidurio ir vakarų Lietuvos regionas 
   country: Lithuania
   nuts1: LT0

LTZZ:
   name: Extra-Regio NUTS 2
   country: Lithuania
   nuts1: LTZ

LU00:
   name: Luxembourg
   country: Luxembourg
   nuts1: LU0

LUZZ:
   name: Extra-Regio NUTS 2
   country: Luxembourg
   nuts1: LUZ

HU11:
   name: Budapest
   country: Hungary
   nuts1: HU1

HU12:
   name: Pest
   country: Hungary
   nuts1: HU1

HU21:
   name: Közép-Dunántúl
   country: Hungary
   nuts1: HU2

HU22:
   name: Nyugat-Dunántúl
   country: Hungary
   nuts1: HU2

HU23:
   name: Dél-Dunántúl
   country: Hungary
   nuts1: HU2

HU31:
   name: Észak-Magyarország
   country: Hungary
   nuts1: HU3

HU32:
   name: Észak-Alföld
   country: Hungary
   nuts1: HU3

HU33:
   name: Dél-Alföld
   country: Hungary
   nuts1: HU3

HUZZ:
   name: Extra-Regio NUTS 2
   country: Hungary
   nuts1: HUZ

MT00:
   name: Malta
   country: Malta
   nuts1: MT0

MTZZ:
   name: Extra-Regio NUTS 2
   country: Malta
   nuts1: MTZ

NL11:
   name: Groningen
   country: The Netherlands
   nuts1: NL1

NL12:
   name: Friesland (NL)
   country: The Netherlands
   nuts1: NL1

NL13:
   name: Drenthe
   country: The Netherlands
   nuts1: NL1

NL21:
   name: Overijssel
   country: The Netherlands
   nuts1: NL2

NL22:
   name: Gelderland
   country: The Netherlands
   nuts1: NL2

NL23:
   name: Flevoland
   country: The Netherlands
   nuts1: NL2

NL31:
   name: Utrecht
   country: The Netherlands
   nuts1: NL3

NL32:
   name: Noord-Holland
   country: The Netherlands
   nuts1: NL3

NL33:
   name: Zuid-Holland
   country: The Netherlands
   nuts1: NL3

NL34:
   name: Zeeland
   country: The Netherlands
   nuts1: NL3

NL41:
   name: Noord-Brabant
   country: The Netherlands
   nuts1: NL4

NL42:
   name: Limburg (NL)
   country: The Netherlands
   nuts1: NL4

NLZZ:
   name: Extra-Regio NUTS 2
   country: The Netherlands
   nuts1: NLZ

AT11:
   name: Burgenland
   country: Austria
   nuts1: AT1

AT12:
   name: Niederösterreich
   country: Austria
   nuts1: AT1

AT13:
   name: Wien
   country: Austria
   nuts1: AT1

AT21:
   name: Kärnten
   country: Austria
   nuts1: AT2

AT22:
   name: Steiermark
   country: Austria
   nuts1: AT2

AT31:
   name: Oberösterreich
   country: Austria
   nuts1: AT3

AT32:
   name: Salzburg
   country: Austria
   nuts1: AT3

AT33:
   name: Tirol
   country: Austria
   nuts1: AT3

AT34:
   name: Vorarlberg
   country: Austria
   nuts1: AT3

ATZZ:
   name: Extra-Regio NUTS 2
   country: Austria
   nuts1: ATZ

PL21:
   name: Małopolskie
   country: Poland
   nuts1: PL2

PL22:
   name: Śląskie
   country: Poland
   nuts1: PL2

PL41:
   name: Wielkopolskie
   country: Poland
   nuts1: PL4

PL42:
   name: Zachodniopomorskie
   country: Poland
   nuts1: PL4

PL43:
   name: Lubuskie
   country: Poland
   nuts1: PL4

PL51:
   name: Dolnośląskie
   country: Poland
   nuts1: PL5

PL52:
   name: Opolskie
   country: Poland
   nuts1: PL5

PL61:
   name: Kujawsko-pomorskie
   country: Poland
   nuts1: PL6

PL62:
   name: Warmińsko-mazurskie
   country: Poland
   nuts1: PL6

PL63:
   name: Pomorskie
   country: Poland
   nuts1: PL6

PL71:
   name: Łódzkie
   country: Poland
   nuts1: PL7

PL72:
   name: Świętokrzyskie
   country: Poland
   nuts1: PL7

PL81:
   name: Lubelskie
   country: Poland
   nuts1: PL8

PL82:
   name: Podkarpackie
   country: Poland
   nuts1: PL8

PL84:
   name: Podlaskie
   country: Poland
   nuts1: PL8

PL91:
   name: Warszawski stołeczny
   country: Poland
   nuts1: PL9

PL92:
   name: Mazowiecki regionalny
   country: Poland
   nuts1: PL9

PLZZ:
   name: Extra-Regio NUTS 2
   country: Poland
   nuts1: PLZ

PT11:
   name: Norte
   country: Portugal
   nuts1: PT1

PT15:
   name: Algarve
   country: Portugal
   nuts1: PT1

PT16:
   name: Centro (PT)
   country: Portugal
   nuts1: PT1

PT17:
   name: Área Metropolitana de Lisboa
   country: Portugal
   nuts1: PT1

PT18:
   name: Alentejo
   country: Portugal
   nuts1: PT1

PT20:
   name: Região Autónoma dos Açores
   country: Portugal
   nuts1: PT2

PT30:
   name: Região Autónoma da Madeira
   country: Portugal
   nuts1: PT3

PTZZ:
   name: Extra-Regio NUTS 2
   country: Portugal
   nuts1: PTZ

RO11:
   name: Nord-Vest
   country: Romania
   nuts1: RO1

RO12:
   name: Centru
   country: Romania
   nuts1: RO1

RO21:
   name: Nord-Est
   country: Romania
   nuts1: RO2

RO22:
   name: Sud-Est
   country: Romania
   nuts1: RO2

RO31:
   name: Sud-Muntenia
   country: Romania
   nuts1: RO3

RO32:
   name: Bucureşti-Ilfov
   country: Romania
   nuts1: RO3

RO41:
   name: Sud-Vest Oltenia
   country: Romania
   nuts1: RO4

RO42:
   name: Vest
   country: Romania
   nuts1: RO4

ROZZ:
   name: Extra-Regio NUTS 2
   country: Romania
   nuts1: ROZ

SI03:
   name: Vzhodna Slovenija
   country: Slovenia
   nuts1: SI0

SI04:
   name: Zahodna Slovenija
   country: Slovenia
   nuts1: SI0

SIZZ:
   name: Extra-Regio NUTS 2
   country: Slovenia
   nuts1: SIZ

SK01:
   name: Bratislavský kraj
   country: Slovakia
   nuts1: SK0

SK02:
   name: Západné Slovensko
   country: Slovakia
   nuts1: SK0

SK03:
   name: Stredné Slovensko
   country: Slovakia
   nuts1: SK0

SK04:
   name: Východné Slovensko
   country: Slovakia
   nuts1: SK0

SKZZ:
   name: Extra-Regio NUTS 2
   country: Slovakia
   nuts1: SKZ

FI19:
   name: Länsi-Suomi
   country: Finland
   nuts1: FI1

FI1B:
   name: Helsinki-Uusimaa
   country: Finland
   nuts1: FI1

FI1C:
   name: Etelä-Suomi
   country: Finland
   nuts1: FI1

FI1D:
   name: Pohjois- ja Itä-Suomi
   country: Finland
   nuts1: FI1

FI20:
   name: Åland
   country: Finland
   nuts1: FI2

FIZZ:
   name: Extra-Regio NUTS 2
   country: Finland
   nuts1: FIZ

SE11:
   name: Stockholm
   country: Sweden
   nuts1: SE1

SE12:
   name: Östra Mellansverige
   country: Sweden
   nuts1: SE1

SE21:
   name: Småland med öarna
   country: Sweden
   nuts1: SE2

SE22:
   name: Sydsverige
   country: Sweden
   nuts1: SE2

SE23:
   name: Västsverige
   country: Sweden
   nuts1: SE2

SE31:
   name: Norra Mellansverige
   country: Sweden
   nuts1: SE3

SE32:
   name: Mellersta Norrland
   country: Sweden
   nuts1: SE3

SE33:
   name: Övre Norrland
   country: Sweden
   nuts1: SE3

SEZZ:
   name: Extra-Regio NUTS 2
   country: Sweden
   nuts1: SEZ

UKC1:
   name: Tees Valley and Durham
   country: United Kingdom
   nuts1: UKC

UKC2:
   name: Northumberland and Tyne and Wear
   country: United Kingdom
   nuts1: UKC

UKD1:
   name: Cumbria
   country: United Kingdom
   nuts1: UKD

UKD3:
   name: Greater Manchester
   country: United Kingdom
   nuts1: UKD

UKD4:
   name: Lancashire
   country: United Kingdom
   nuts1: UKD

UKD6:
   name: Cheshire
   country: United Kingdom
   nuts1: UKD

UKD7:
   name: Merseyside
   country: United Kingdom
   nuts1: UKD

UKE1:
   name: East Yorkshire and Northern Lincolnshire
   country: United Kingdom
   nuts1: UKE

UKE2:
   name: North Yorkshire
   country: United Kingdom
   nuts1: UKE

UKE3:
   name: South Yorkshire
   country: United Kingdom
   nuts1: UKE

UKE4:
   name: West Yorkshire
   country: United Kingdom
   nuts1: UKE

UKF1:
   name: Derbyshire and Nottinghamshire
   country: United Kingdom
   nuts1: UKF

UKF2:
   name: Leicestershire, Rutland and Northamptonshire
   country: United Kingdom
   nuts1: UKF

UKF3:
   name: Lincolnshire
   country: United Kingdom
   nuts1: UKF

UKG1:
   name: Herefordshire, Worcestershire and Warwickshire
   country: United Kingdom
   nuts1: UKG

UKG2:
   name: Shropshire and Staffordshire
   country: United Kingdom
   nuts1: UKG

UKG3:
   name: West Midlands
   country: United Kingdom
   nuts1: UKG

UKH1:
   name: East Anglia
   country: United Kingdom
   nuts1: UKH

UKH2:
   name: Bedfordshire and Hertfordshire
   country: United Kingdom
   nuts1: UKH

UKH3:
   name: Essex
   country: United Kingdom
   nuts1: UKH

UKI3:
   name: Inner London — West
   country: United Kingdom
   nuts1: UKI

UKI4:
   name: Inner London — East
   country: United Kingdom
   nuts1: UKI

UKI5:
   name: Outer London — East and North East
   country: United Kingdom
   nuts1: UKI

UKI6:
   name: Outer London — South
   country: United Kingdom
   nuts1: UKI

UKI7:
   name: Outer London — West and North West
   country: United Kingdom
   nuts1: UKI

UKJ1:
   name: Berkshire, Buckinghamshire and Oxfordshire
   country: United Kingdom
   nuts1: UKJ

UKJ2:
   name: Surrey, East and West Sussex
   country: United Kingdom
   nuts1: UKJ

UKJ3:
   name: Hampshire and Isle of Wight
   country: United Kingdom
   nuts1: UKJ

UKJ4:
   name: Kent
   country: United Kingdom
   nuts1: UKJ

UKK1:
   name: Gloucestershire, Wiltshire and Bristol/Bath area
   country: United Kingdom
   nuts1: UKK

UKK2:
   name: Dorset and Somerset
   country: United Kingdom
   nuts1: UKK

UKK3:
   name: Cornwall and Isles of Scilly
   country: United Kingdom
   nuts1: UKK

UKK4:
   name: Devon
   country: United Kingdom
   nuts1: UKK

UKL1:
   name: West Wales and The Valleys
   country: United Kingdom
   nuts1: UKL

UKL2:
   name: East Wales
   country: United Kingdom
   nuts1: UKL

UKM5:
   name: North Eastern Scotland
   country: United Kingdom
   nuts1: UKM

UKM6:
   name: Highlands and Islands
   country: United Kingdom
   nuts1: UKM

UKM7:
   name: Eastern Scotland
   country: United Kingdom
   nuts1: UKM

UKM8:
   name: West Central Scotland
   country: United Kingdom
   nuts1: UKM

UKM9:
   name: Southern Scotland
   country: United Kingdom
   nuts1: UKM

UKN0:
   name: Northern Ireland
   country: United Kingdom
   nuts1: UKN

UKZZ:
   name: Extra-Regio NUTS 2
   country: United Kingdom
   nuts1: UKZ

IS00:
   name: Ísland
   country: Iceland
   nuts1: IS0

ISZZ:
   name: Extra-Regio NUTS 2
   country: Iceland
   nuts1: ISZ

LI00:
   name: Liechtenstein
   country: Liechtenstein
   nuts1: LI0

LIZZ:
   name: Extra-Regio NUTS 2
   country: Liechtenstein
   nuts1: LIZ

NO02:
   name: Innlandet
   country: Norway
   nuts1: NO0

NO06:
   name: Trøndelag
   country: Norway
   nuts1: NO0

NO07:
   name: Nord-Norge
   country: Norway
   nuts1: NO0

NO08:
   name: Oslo og Viken
   country: Norway
   nuts1: NO0

NO09:
   name: Agder og Sør-Østlandet
   country: Norway
   nuts1: NO0

NO0A:
   name: Vestlandet
   country: Norway
   nuts1: NO0

NO0B:
   name: Jan Mayen and Svalbard
   country: Norway
   nuts1: NO0

NOZZ:
   name: Extra-Regio NUTS 2
   country: Norway
   nuts1: NOZ

CH01:
   name: Région lémanique
   country: Switzerland
   nuts1: CH0

CH02:
   name: Espace Mittelland
   country: Switzerland
   nuts1: CH0

CH03:
   name: Nordwestschweiz
   country: Switzerland
   nuts1: CH0

CH04:
   name: Zürich
   country: Switzerland
   nuts1: CH0

CH05:
   name: Ostschweiz
   country: Switzerland
   nuts1: CH0

CH06:
   name: Zentralschweiz
   country: Switzerland
   nuts1: CH0

CH07:
   name: Ticino
   country: Switzerland
   nuts1: CH0

CHZZ:
   name: Extra-Regio NUTS 2
   country: Switzerland
   nuts1: CHZ

ME00:
   name: Црна Гора
   country: Montenegro
   nuts1: ME0

MEZZ:
   name: Extra-Regio NUTS 2
   country: Montenegro
   nuts1: MEZ

MK00:
   name: Северна Македонија
   country: North Macedonia
   nuts1: MK0

MKZZ:
   name: Extra-Regio NUTS 2
   country: North Macedonia
   nuts1: MKZ

AL01:
   name: Veri
   country: Albania
   nuts1: AL0

AL02:
   name: Qender
   country: Albania
   nuts1: AL0

AL03:
   name: Jug
   country: Albania
   nuts1: AL0

ALZZ:
   name: Extra-Regio NUTS 2
   country: Albania
   nuts1: ALZ

RS11:
   name: Београдски регион
   country: Serbia
   nuts1: RS1

RS12:
   name: Регион Војводине
   country: Serbia
   nuts1: RS1

RS21:
   name: Регион Шумадије и Западне Србије
   country: Serbia
   nuts1: RS2

RS22:
   name: Регион Јужне и Источне Србије
   country: Serbia
   nuts1: RS2

RSZZ:
   name: Extra-Regio NUTS 2
   country: Serbia
   nuts1: RSZ

TR10 :
   name: İstanbul
   country: Turkey
   nuts1: TR1

TR21:
   name: Tekirdağ, Edirne, Kırklareli
   country: Turkey
   nuts1: TR2

TR22:
   name: Balıkesir, Çanakkale
   country: Turkey
   nuts1: TR2

TR31:
   name: İzmir
   country: Turkey
   nuts1: TR3

TR32:
   name: Aydın, Denizli, Muğla
   country: Turkey
   nuts1: TR3

TR33:
   name: Manisa, Afyonkarahisar, Kütahya, Uşak
   country: Turkey
   nuts1: TR3

TR41:
   name: Bursa, Eskişehir, Bilecik
   country: Turkey
   nuts1: TR4

TR42:
   name: Kocaeli, Sakarya, Düzce, Bolu, Yalova
   country: Turkey
   nuts1: TR4

TR51:
   name: Ankara
   country: Turkey
   nuts1: TR5

TR52:
   name: Konya, Karaman
   country: Turkey
   nuts1: TR5

TR61:
   name: Antalya, Isparta, Burdur
   country: Turkey
   nuts1: TR6

TR62:
   name: Adana, Mersin
   country: Turkey
   nuts1: TR6

TR63:
   name: Hatay, Kahramanmaraş, Osmaniye
   country: Turkey
   nuts1: TR6

TR71:
   name: Kırıkkale, Aksaray, Niğde, Nevşehir, Kırşehir
   country: Turkey
   nuts1: TR7

TR72:
   name: Kayseri, Sivas, Yozgat
   country: Turkey
   nuts1: TR7

TR81:
   name: Zonguldak, Karabük, Bartın
   country: Turkey
   nuts1: TR8

TR82:
   name: Kastamonu, Çankırı, Sinop
   country: Turkey
   nuts1: TR8

TR83:
   name: Samsun, Tokat, Çorum, Amasya
   country: Turkey
   nuts1: TR8

TR90 :
   name: Trabzon, Ordu, Giresun, Rize, Artvin, Gümüşhane
   country: Turkey
   nuts1: TR9

TRA1:
   name: Erzurum, Erzincan, Bayburt
   country: Turkey
   nuts1: TRA

TRA2:
   name: Ağrı, Kars, Iğdır, Ardahan
   country: Turkey
   nuts1: TRA

TRB1:
   name: Malatya, Elazığ, Bingöl, Tunceli
   country: Turkey
   nuts1: TRB

TRB2:
   name: Van, Muş, Bitlis, Hakkari
   country: Turkey
   nuts1: TRB

TRC1:
   name: Gaziantep, Adıyaman, Kilis
   country: Turkey
   nuts1: TRC

TRC2:
   name: Şanlıurfa, Diyarbakır
   country: Turkey
   nuts1: TRC

TRC3:
   name: Mardin, Batman, Şırnak, Siirt
   country: Turkey
   nuts1: TRC

TRZZ:
   name: Extra-Regio NUTS 2
   country: Turkey
   nuts1: TRZ
